{"cameraMode":{"drawMode":0,"name":"Shaded","section":"Shading Mode"},"sceneLighting":true,"audioPlay":false,"sceneViewState":{"m_AlwaysRefresh":false,"showFog":true,"showSkybox":true,"showFlares":true,"showImageEffects":true,"showParticleSystems":true,"showVisualEffectGraphs":true,"m_FxEnabled":true},"in2DMode":false,"pivot":{"x":0.9440908432006836,"y":0.4741861820220947,"z":-1.0535197257995606},"rotation":{"x":-0.056888923048973086,"y":0.9382747411727905,"z":-0.1870834231376648,"w":-0.2853141725063324},"size":3.946732759475708,"orthographic":false}