{"cameraMode":{"drawMode":0,"name":"Shaded","section":"Shading Mode"},"sceneLighting":true,"audioPlay":false,"sceneViewState":{"showFog":true,"showMaterialUpdate":false,"showSkybox":true,"showFlares":true,"showImageEffects":true,"showParticleSystems":true},"in2DMode":false,"pivot":{"x":746.5333251953125,"y":263.79803466796877,"z":0.0},"rotation":{"x":0.028495829552412034,"y":0.002998866606503725,"z":-0.00008542463910998777,"w":0.9995898008346558},"size":128.21609497070313,"orthographic":true}